node_hostname,gpu_model,gpu_count_per_node,total_vram_gb,slurm_partition,reserved_team,cost_center_id,maintenance_window,node_status,interconnect_speed
gpu-node-07-001.internal.helixforge.net,NVIDIA L40S,4,192,gpu-eval-short,Applied Research,CC-1010,Every 2nd Sunday 02:00-04:00 UTC,ALLOCATED_AND_RUNNING,3.2 Tbps InfiniBand NDR
gpu-node-07-002.internal.helixforge.net,NVIDIA A100 80GB,8,640,gpu-interactive-dev,Eval & Benchmarks,CC-1010,Every 2nd Sunday 02:00-04:00 UTC,ALLOCATED_AND_RUNNING,3.2 Tbps InfiniBand NDR
gpu-node-07-003.internal.helixforge.net,NVIDIA RTX 6000 Ada,4,192,gpu-prod-inference,Vector Engine,CC-1020,Every 2nd Sunday 02:00-04:00 UTC,ALLOCATED_AND_RUNNING,3.2 Tbps InfiniBand NDR
gpu-node-07-004.internal.helixforge.net,NVIDIA L40S,4,192,gpu-research-long,Eval & Benchmarks,CC-1020,Every 2nd Sunday 02:00-04:00 UTC,ALLOCATED_AND_RUNNING,3.2 Tbps InfiniBand NDR
gpu-node-07-005.internal.helixforge.net,NVIDIA L40S,4,192,gpu-interactive-dev,Eval & Benchmarks,CC-1020,Every 2nd Sunday 02:00-04:00 UTC,ALLOCATED_AND_RUNNING,3.2 Tbps InfiniBand NDR
gpu-node-07-006.internal.helixforge.net,NVIDIA A100 80GB,8,640,gpu-eval-short,Applied Research,CC-1010,Every 2nd Sunday 02:00-04:00 UTC,ALLOCATED_AND_RUNNING,3.2 Tbps InfiniBand NDR
gpu-node-07-007.internal.helixforge.net,NVIDIA A100 80GB,8,640,gpu-eval-short,Vector Engine,CC-1020,Every 2nd Sunday 02:00-04:00 UTC,ALLOCATED_AND_RUNNING,3.2 Tbps InfiniBand NDR
gpu-node-07-008.internal.helixforge.net,NVIDIA RTX 6000 Ada,4,192,gpu-research-long,Eval & Benchmarks,CC-1010,Every 2nd Sunday 02:00-04:00 UTC,DRAINING_FOR_MAINTENANCE,3.2 Tbps InfiniBand NDR
gpu-node-07-009.internal.helixforge.net,NVIDIA RTX 6000 Ada,4,192,gpu-prod-inference,Vector Engine,CC-1020,Every 2nd Sunday 02:00-04:00 UTC,ALLOCATED_AND_RUNNING,3.2 Tbps InfiniBand NDR
gpu-node-07-010.internal.helixforge.net,NVIDIA L40S,4,192,gpu-prod-inference,Vector Engine,CC-1020,Every 2nd Sunday 02:00-04:00 UTC,ALLOCATED_AND_RUNNING,3.2 Tbps InfiniBand NDR
gpu-node-07-011.internal.helixforge.net,NVIDIA RTX 6000 Ada,4,192,gpu-prod-inference,Applied Research,CC-1010,Every 2nd Sunday 02:00-04:00 UTC,ALLOCATED_AND_RUNNING,3.2 Tbps InfiniBand NDR
gpu-node-07-012.internal.helixforge.net,NVIDIA A100 80GB,8,640,gpu-prod-inference,Eval & Benchmarks,CC-1020,Every 2nd Sunday 02:00-04:00 UTC,ALLOCATED_AND_RUNNING,3.2 Tbps InfiniBand NDR
gpu-node-07-013.internal.helixforge.net,NVIDIA L40S,4,192,gpu-eval-short,Applied Research,CC-1010,Every 2nd Sunday 02:00-04:00 UTC,ALLOCATED_AND_RUNNING,3.2 Tbps InfiniBand NDR
gpu-node-07-014.internal.helixforge.net,NVIDIA A100 80GB,8,640,gpu-eval-short,Applied Research,CC-1010,Every 2nd Sunday 02:00-04:00 UTC,ALLOCATED_AND_RUNNING,3.2 Tbps InfiniBand NDR
gpu-node-07-015.internal.helixforge.net,NVIDIA L40S,4,192,gpu-interactive-dev,Vector Engine,CC-1010,Every 2nd Sunday 02:00-04:00 UTC,ALLOCATED_AND_RUNNING,3.2 Tbps InfiniBand NDR
gpu-node-07-016.internal.helixforge.net,NVIDIA L40S,4,192,gpu-research-long,Applied Research,CC-1010,Every 2nd Sunday 02:00-04:00 UTC,DRAINING_FOR_MAINTENANCE,3.2 Tbps InfiniBand NDR
gpu-node-07-017.internal.helixforge.net,NVIDIA RTX 6000 Ada,4,192,gpu-interactive-dev,Vector Engine,CC-1010,Every 2nd Sunday 02:00-04:00 UTC,ALLOCATED_AND_RUNNING,3.2 Tbps InfiniBand NDR
gpu-node-07-018.internal.helixforge.net,NVIDIA L40S,4,192,gpu-research-long,Eval & Benchmarks,CC-1020,Every 2nd Sunday 02:00-04:00 UTC,ALLOCATED_AND_RUNNING,3.2 Tbps InfiniBand NDR
gpu-node-07-019.internal.helixforge.net,NVIDIA L40S,4,192,gpu-prod-inference,Eval & Benchmarks,CC-1020,Every 2nd Sunday 02:00-04:00 UTC,ALLOCATED_AND_RUNNING,3.2 Tbps InfiniBand NDR
gpu-node-07-020.internal.helixforge.net,NVIDIA A100 80GB,8,640,gpu-research-long,Vector Engine,CC-1010,Every 2nd Sunday 02:00-04:00 UTC,ALLOCATED_AND_RUNNING,3.2 Tbps InfiniBand NDR
gpu-node-07-021.internal.helixforge.net,NVIDIA RTX 6000 Ada,4,192,gpu-interactive-dev,Applied Research,CC-1010,Every 2nd Sunday 02:00-04:00 UTC,ALLOCATED_AND_RUNNING,3.2 Tbps InfiniBand NDR
gpu-node-07-022.internal.helixforge.net,NVIDIA L40S,4,192,gpu-interactive-dev,Vector Engine,CC-1020,Every 2nd Sunday 02:00-04:00 UTC,ALLOCATED_AND_RUNNING,3.2 Tbps InfiniBand NDR
gpu-node-07-023.internal.helixforge.net,NVIDIA H100 SXM5,8,640,gpu-eval-short,Eval & Benchmarks,CC-1010,Every 2nd Sunday 02:00-04:00 UTC,ALLOCATED_AND_RUNNING,3.2 Tbps InfiniBand NDR
gpu-node-07-024.internal.helixforge.net,NVIDIA H100 SXM5,8,640,gpu-interactive-dev,Applied Research,CC-1010,Every 2nd Sunday 02:00-04:00 UTC,DRAINING_FOR_MAINTENANCE,3.2 Tbps InfiniBand NDR
gpu-node-07-025.internal.helixforge.net,NVIDIA H100 SXM5,8,640,gpu-eval-short,Vector Engine,CC-1020,Every 2nd Sunday 02:00-04:00 UTC,ALLOCATED_AND_RUNNING,3.2 Tbps InfiniBand NDR
gpu-node-07-026.internal.helixforge.net,NVIDIA RTX 6000 Ada,4,192,gpu-prod-inference,Applied Research,CC-1020,Every 2nd Sunday 02:00-04:00 UTC,ALLOCATED_AND_RUNNING,3.2 Tbps InfiniBand NDR
gpu-node-07-027.internal.helixforge.net,NVIDIA A100 80GB,8,640,gpu-interactive-dev,Eval & Benchmarks,CC-1020,Every 2nd Sunday 02:00-04:00 UTC,ALLOCATED_AND_RUNNING,3.2 Tbps InfiniBand NDR
gpu-node-07-028.internal.helixforge.net,NVIDIA A100 80GB,8,640,gpu-eval-short,Eval & Benchmarks,CC-1010,Every 2nd Sunday 02:00-04:00 UTC,ALLOCATED_AND_RUNNING,3.2 Tbps InfiniBand NDR
gpu-node-07-029.internal.helixforge.net,NVIDIA A100 80GB,8,640,gpu-eval-short,Eval & Benchmarks,CC-1010,Every 2nd Sunday 02:00-04:00 UTC,ALLOCATED_AND_RUNNING,3.2 Tbps InfiniBand NDR
gpu-node-07-030.internal.helixforge.net,NVIDIA RTX 6000 Ada,4,192,gpu-interactive-dev,Eval & Benchmarks,CC-1010,Every 2nd Sunday 02:00-04:00 UTC,ALLOCATED_AND_RUNNING,3.2 Tbps InfiniBand NDR
gpu-node-07-031.internal.helixforge.net,NVIDIA RTX 6000 Ada,4,192,gpu-eval-short,Vector Engine,CC-1010,Every 2nd Sunday 02:00-04:00 UTC,ALLOCATED_AND_RUNNING,3.2 Tbps InfiniBand NDR
gpu-node-07-032.internal.helixforge.net,NVIDIA RTX 6000 Ada,4,192,gpu-eval-short,Eval & Benchmarks,CC-1020,Every 2nd Sunday 02:00-04:00 UTC,DRAINING_FOR_MAINTENANCE,3.2 Tbps InfiniBand NDR
gpu-node-07-033.internal.helixforge.net,NVIDIA H100 SXM5,8,640,gpu-interactive-dev,Vector Engine,CC-1010,Every 2nd Sunday 02:00-04:00 UTC,ALLOCATED_AND_RUNNING,3.2 Tbps InfiniBand NDR
gpu-node-07-034.internal.helixforge.net,NVIDIA A100 80GB,8,640,gpu-eval-short,Vector Engine,CC-1010,Every 2nd Sunday 02:00-04:00 UTC,ALLOCATED_AND_RUNNING,3.2 Tbps InfiniBand NDR
gpu-node-07-035.internal.helixforge.net,NVIDIA RTX 6000 Ada,4,192,gpu-eval-short,Vector Engine,CC-1020,Every 2nd Sunday 02:00-04:00 UTC,ALLOCATED_AND_RUNNING,3.2 Tbps InfiniBand NDR
gpu-node-07-036.internal.helixforge.net,NVIDIA A100 80GB,8,640,gpu-prod-inference,Applied Research,CC-1010,Every 2nd Sunday 02:00-04:00 UTC,ALLOCATED_AND_RUNNING,3.2 Tbps InfiniBand NDR
gpu-node-07-037.internal.helixforge.net,NVIDIA H100 SXM5,8,640,gpu-interactive-dev,Eval & Benchmarks,CC-1020,Every 2nd Sunday 02:00-04:00 UTC,ALLOCATED_AND_RUNNING,3.2 Tbps InfiniBand NDR
gpu-node-07-038.internal.helixforge.net,NVIDIA RTX 6000 Ada,4,192,gpu-research-long,Eval & Benchmarks,CC-1010,Every 2nd Sunday 02:00-04:00 UTC,ALLOCATED_AND_RUNNING,3.2 Tbps InfiniBand NDR
gpu-node-07-039.internal.helixforge.net,NVIDIA A100 80GB,8,640,gpu-prod-inference,Applied Research,CC-1020,Every 2nd Sunday 02:00-04:00 UTC,ALLOCATED_AND_RUNNING,3.2 Tbps InfiniBand NDR
gpu-node-07-040.internal.helixforge.net,NVIDIA H100 SXM5,8,640,gpu-interactive-dev,Vector Engine,CC-1010,Every 2nd Sunday 02:00-04:00 UTC,DRAINING_FOR_MAINTENANCE,3.2 Tbps InfiniBand NDR
gpu-node-07-041.internal.helixforge.net,NVIDIA A100 80GB,8,640,gpu-interactive-dev,Eval & Benchmarks,CC-1020,Every 2nd Sunday 02:00-04:00 UTC,ALLOCATED_AND_RUNNING,3.2 Tbps InfiniBand NDR
gpu-node-07-042.internal.helixforge.net,NVIDIA A100 80GB,8,640,gpu-research-long,Applied Research,CC-1020,Every 2nd Sunday 02:00-04:00 UTC,ALLOCATED_AND_RUNNING,3.2 Tbps InfiniBand NDR
gpu-node-07-043.internal.helixforge.net,NVIDIA RTX 6000 Ada,4,192,gpu-interactive-dev,Vector Engine,CC-1020,Every 2nd Sunday 02:00-04:00 UTC,ALLOCATED_AND_RUNNING,3.2 Tbps InfiniBand NDR
gpu-node-07-044.internal.helixforge.net,NVIDIA RTX 6000 Ada,4,192,gpu-interactive-dev,Eval & Benchmarks,CC-1010,Every 2nd Sunday 02:00-04:00 UTC,ALLOCATED_AND_RUNNING,3.2 Tbps InfiniBand NDR
gpu-node-07-045.internal.helixforge.net,NVIDIA RTX 6000 Ada,4,192,gpu-research-long,Eval & Benchmarks,CC-1010,Every 2nd Sunday 02:00-04:00 UTC,ALLOCATED_AND_RUNNING,3.2 Tbps InfiniBand NDR
gpu-node-07-046.internal.helixforge.net,NVIDIA H100 SXM5,8,640,gpu-prod-inference,Eval & Benchmarks,CC-1020,Every 2nd Sunday 02:00-04:00 UTC,ALLOCATED_AND_RUNNING,3.2 Tbps InfiniBand NDR
gpu-node-07-047.internal.helixforge.net,NVIDIA L40S,4,192,gpu-interactive-dev,Eval & Benchmarks,CC-1010,Every 2nd Sunday 02:00-04:00 UTC,ALLOCATED_AND_RUNNING,3.2 Tbps InfiniBand NDR
gpu-node-07-048.internal.helixforge.net,NVIDIA A100 80GB,8,640,gpu-research-long,Vector Engine,CC-1010,Every 2nd Sunday 02:00-04:00 UTC,DRAINING_FOR_MAINTENANCE,3.2 Tbps InfiniBand NDR
gpu-node-07-049.internal.helixforge.net,NVIDIA RTX 6000 Ada,4,192,gpu-prod-inference,Applied Research,CC-1020,Every 2nd Sunday 02:00-04:00 UTC,ALLOCATED_AND_RUNNING,3.2 Tbps InfiniBand NDR
gpu-node-07-050.internal.helixforge.net,NVIDIA A100 80GB,8,640,gpu-prod-inference,Applied Research,CC-1020,Every 2nd Sunday 02:00-04:00 UTC,ALLOCATED_AND_RUNNING,3.2 Tbps InfiniBand NDR
gpu-node-07-051.internal.helixforge.net,NVIDIA H100 SXM5,8,640,gpu-research-long,Eval & Benchmarks,CC-1010,Every 2nd Sunday 02:00-04:00 UTC,ALLOCATED_AND_RUNNING,3.2 Tbps InfiniBand NDR
gpu-node-07-052.internal.helixforge.net,NVIDIA A100 80GB,8,640,gpu-eval-short,Vector Engine,CC-1020,Every 2nd Sunday 02:00-04:00 UTC,ALLOCATED_AND_RUNNING,3.2 Tbps InfiniBand NDR
gpu-node-07-053.internal.helixforge.net,NVIDIA RTX 6000 Ada,4,192,gpu-eval-short,Vector Engine,CC-1020,Every 2nd Sunday 02:00-04:00 UTC,ALLOCATED_AND_RUNNING,3.2 Tbps InfiniBand NDR
gpu-node-07-054.internal.helixforge.net,NVIDIA H100 SXM5,8,640,gpu-prod-inference,Eval & Benchmarks,CC-1010,Every 2nd Sunday 02:00-04:00 UTC,ALLOCATED_AND_RUNNING,3.2 Tbps InfiniBand NDR
gpu-node-07-055.internal.helixforge.net,NVIDIA RTX 6000 Ada,4,192,gpu-interactive-dev,Applied Research,CC-1010,Every 2nd Sunday 02:00-04:00 UTC,ALLOCATED_AND_RUNNING,3.2 Tbps InfiniBand NDR
gpu-node-07-056.internal.helixforge.net,NVIDIA A100 80GB,8,640,gpu-prod-inference,Applied Research,CC-1020,Every 2nd Sunday 02:00-04:00 UTC,DRAINING_FOR_MAINTENANCE,3.2 Tbps InfiniBand NDR
gpu-node-07-057.internal.helixforge.net,NVIDIA A100 80GB,8,640,gpu-prod-inference,Vector Engine,CC-1010,Every 2nd Sunday 02:00-04:00 UTC,ALLOCATED_AND_RUNNING,3.2 Tbps InfiniBand NDR
gpu-node-07-058.internal.helixforge.net,NVIDIA L40S,4,192,gpu-interactive-dev,Vector Engine,CC-1010,Every 2nd Sunday 02:00-04:00 UTC,ALLOCATED_AND_RUNNING,3.2 Tbps InfiniBand NDR
gpu-node-07-059.internal.helixforge.net,NVIDIA L40S,4,192,gpu-interactive-dev,Applied Research,CC-1020,Every 2nd Sunday 02:00-04:00 UTC,ALLOCATED_AND_RUNNING,3.2 Tbps InfiniBand NDR
gpu-node-07-060.internal.helixforge.net,NVIDIA L40S,4,192,gpu-research-long,Applied Research,CC-1020,Every 2nd Sunday 02:00-04:00 UTC,ALLOCATED_AND_RUNNING,3.2 Tbps InfiniBand NDR
gpu-node-07-061.internal.helixforge.net,NVIDIA A100 80GB,8,640,gpu-prod-inference,Applied Research,CC-1020,Every 2nd Sunday 02:00-04:00 UTC,ALLOCATED_AND_RUNNING,3.2 Tbps InfiniBand NDR
gpu-node-07-062.internal.helixforge.net,NVIDIA H100 SXM5,8,640,gpu-research-long,Eval & Benchmarks,CC-1020,Every 2nd Sunday 02:00-04:00 UTC,ALLOCATED_AND_RUNNING,3.2 Tbps InfiniBand NDR
gpu-node-07-063.internal.helixforge.net,NVIDIA RTX 6000 Ada,4,192,gpu-eval-short,Eval & Benchmarks,CC-1020,Every 2nd Sunday 02:00-04:00 UTC,ALLOCATED_AND_RUNNING,3.2 Tbps InfiniBand NDR
gpu-node-07-064.internal.helixforge.net,NVIDIA L40S,4,192,gpu-research-long,Vector Engine,CC-1010,Every 2nd Sunday 02:00-04:00 UTC,DRAINING_FOR_MAINTENANCE,3.2 Tbps InfiniBand NDR
gpu-node-07-065.internal.helixforge.net,NVIDIA L40S,4,192,gpu-research-long,Vector Engine,CC-1020,Every 2nd Sunday 02:00-04:00 UTC,ALLOCATED_AND_RUNNING,3.2 Tbps InfiniBand NDR
gpu-node-07-066.internal.helixforge.net,NVIDIA A100 80GB,8,640,gpu-prod-inference,Eval & Benchmarks,CC-1020,Every 2nd Sunday 02:00-04:00 UTC,ALLOCATED_AND_RUNNING,3.2 Tbps InfiniBand NDR
gpu-node-07-067.internal.helixforge.net,NVIDIA L40S,4,192,gpu-prod-inference,Applied Research,CC-1020,Every 2nd Sunday 02:00-04:00 UTC,ALLOCATED_AND_RUNNING,3.2 Tbps InfiniBand NDR
gpu-node-07-068.internal.helixforge.net,NVIDIA L40S,4,192,gpu-eval-short,Vector Engine,CC-1020,Every 2nd Sunday 02:00-04:00 UTC,ALLOCATED_AND_RUNNING,3.2 Tbps InfiniBand NDR
gpu-node-07-069.internal.helixforge.net,NVIDIA RTX 6000 Ada,4,192,gpu-research-long,Eval & Benchmarks,CC-1010,Every 2nd Sunday 02:00-04:00 UTC,ALLOCATED_AND_RUNNING,3.2 Tbps InfiniBand NDR
gpu-node-07-070.internal.helixforge.net,NVIDIA RTX 6000 Ada,4,192,gpu-interactive-dev,Eval & Benchmarks,CC-1020,Every 2nd Sunday 02:00-04:00 UTC,ALLOCATED_AND_RUNNING,3.2 Tbps InfiniBand NDR
gpu-node-07-071.internal.helixforge.net,NVIDIA RTX 6000 Ada,4,192,gpu-eval-short,Applied Research,CC-1010,Every 2nd Sunday 02:00-04:00 UTC,ALLOCATED_AND_RUNNING,3.2 Tbps InfiniBand NDR
gpu-node-07-072.internal.helixforge.net,NVIDIA A100 80GB,8,640,gpu-interactive-dev,Vector Engine,CC-1020,Every 2nd Sunday 02:00-04:00 UTC,DRAINING_FOR_MAINTENANCE,3.2 Tbps InfiniBand NDR
gpu-node-07-073.internal.helixforge.net,NVIDIA H100 SXM5,8,640,gpu-prod-inference,Applied Research,CC-1010,Every 2nd Sunday 02:00-04:00 UTC,ALLOCATED_AND_RUNNING,3.2 Tbps InfiniBand NDR
gpu-node-07-074.internal.helixforge.net,NVIDIA H100 SXM5,8,640,gpu-research-long,Applied Research,CC-1020,Every 2nd Sunday 02:00-04:00 UTC,ALLOCATED_AND_RUNNING,3.2 Tbps InfiniBand NDR
gpu-node-07-075.internal.helixforge.net,NVIDIA H100 SXM5,8,640,gpu-eval-short,Vector Engine,CC-1020,Every 2nd Sunday 02:00-04:00 UTC,ALLOCATED_AND_RUNNING,3.2 Tbps InfiniBand NDR
gpu-node-07-076.internal.helixforge.net,NVIDIA H100 SXM5,8,640,gpu-interactive-dev,Vector Engine,CC-1020,Every 2nd Sunday 02:00-04:00 UTC,ALLOCATED_AND_RUNNING,3.2 Tbps InfiniBand NDR
gpu-node-07-077.internal.helixforge.net,NVIDIA RTX 6000 Ada,4,192,gpu-eval-short,Eval & Benchmarks,CC-1010,Every 2nd Sunday 02:00-04:00 UTC,ALLOCATED_AND_RUNNING,3.2 Tbps InfiniBand NDR
gpu-node-07-078.internal.helixforge.net,NVIDIA L40S,4,192,gpu-research-long,Vector Engine,CC-1020,Every 2nd Sunday 02:00-04:00 UTC,ALLOCATED_AND_RUNNING,3.2 Tbps InfiniBand NDR
gpu-node-07-079.internal.helixforge.net,NVIDIA A100 80GB,8,640,gpu-interactive-dev,Eval & Benchmarks,CC-1010,Every 2nd Sunday 02:00-04:00 UTC,ALLOCATED_AND_RUNNING,3.2 Tbps InfiniBand NDR
gpu-node-07-080.internal.helixforge.net,NVIDIA H100 SXM5,8,640,gpu-interactive-dev,Eval & Benchmarks,CC-1010,Every 2nd Sunday 02:00-04:00 UTC,DRAINING_FOR_MAINTENANCE,3.2 Tbps InfiniBand NDR
gpu-node-07-081.internal.helixforge.net,NVIDIA A100 80GB,8,640,gpu-research-long,Vector Engine,CC-1020,Every 2nd Sunday 02:00-04:00 UTC,ALLOCATED_AND_RUNNING,3.2 Tbps InfiniBand NDR
gpu-node-07-082.internal.helixforge.net,NVIDIA H100 SXM5,8,640,gpu-research-long,Applied Research,CC-1020,Every 2nd Sunday 02:00-04:00 UTC,ALLOCATED_AND_RUNNING,3.2 Tbps InfiniBand NDR
gpu-node-07-083.internal.helixforge.net,NVIDIA H100 SXM5,8,640,gpu-prod-inference,Vector Engine,CC-1020,Every 2nd Sunday 02:00-04:00 UTC,ALLOCATED_AND_RUNNING,3.2 Tbps InfiniBand NDR
gpu-node-07-084.internal.helixforge.net,NVIDIA A100 80GB,8,640,gpu-eval-short,Applied Research,CC-1020,Every 2nd Sunday 02:00-04:00 UTC,ALLOCATED_AND_RUNNING,3.2 Tbps InfiniBand NDR
gpu-node-07-085.internal.helixforge.net,NVIDIA L40S,4,192,gpu-prod-inference,Vector Engine,CC-1020,Every 2nd Sunday 02:00-04:00 UTC,ALLOCATED_AND_RUNNING,3.2 Tbps InfiniBand NDR
gpu-node-07-086.internal.helixforge.net,NVIDIA L40S,4,192,gpu-eval-short,Applied Research,CC-1010,Every 2nd Sunday 02:00-04:00 UTC,ALLOCATED_AND_RUNNING,3.2 Tbps InfiniBand NDR
gpu-node-07-087.internal.helixforge.net,NVIDIA A100 80GB,8,640,gpu-research-long,Vector Engine,CC-1020,Every 2nd Sunday 02:00-04:00 UTC,ALLOCATED_AND_RUNNING,3.2 Tbps InfiniBand NDR
gpu-node-07-088.internal.helixforge.net,NVIDIA L40S,4,192,gpu-research-long,Applied Research,CC-1020,Every 2nd Sunday 02:00-04:00 UTC,DRAINING_FOR_MAINTENANCE,3.2 Tbps InfiniBand NDR
gpu-node-07-089.internal.helixforge.net,NVIDIA H100 SXM5,8,640,gpu-interactive-dev,Vector Engine,CC-1010,Every 2nd Sunday 02:00-04:00 UTC,ALLOCATED_AND_RUNNING,3.2 Tbps InfiniBand NDR
gpu-node-07-090.internal.helixforge.net,NVIDIA A100 80GB,8,640,gpu-research-long,Applied Research,CC-1010,Every 2nd Sunday 02:00-04:00 UTC,ALLOCATED_AND_RUNNING,3.2 Tbps InfiniBand NDR
gpu-node-07-091.internal.helixforge.net,NVIDIA L40S,4,192,gpu-interactive-dev,Eval & Benchmarks,CC-1020,Every 2nd Sunday 02:00-04:00 UTC,ALLOCATED_AND_RUNNING,3.2 Tbps InfiniBand NDR
gpu-node-07-092.internal.helixforge.net,NVIDIA H100 SXM5,8,640,gpu-interactive-dev,Applied Research,CC-1020,Every 2nd Sunday 02:00-04:00 UTC,ALLOCATED_AND_RUNNING,3.2 Tbps InfiniBand NDR
gpu-node-07-093.internal.helixforge.net,NVIDIA RTX 6000 Ada,4,192,gpu-prod-inference,Eval & Benchmarks,CC-1010,Every 2nd Sunday 02:00-04:00 UTC,ALLOCATED_AND_RUNNING,3.2 Tbps InfiniBand NDR
gpu-node-07-094.internal.helixforge.net,NVIDIA H100 SXM5,8,640,gpu-interactive-dev,Applied Research,CC-1020,Every 2nd Sunday 02:00-04:00 UTC,ALLOCATED_AND_RUNNING,3.2 Tbps InfiniBand NDR
gpu-node-07-095.internal.helixforge.net,NVIDIA H100 SXM5,8,640,gpu-research-long,Applied Research,CC-1020,Every 2nd Sunday 02:00-04:00 UTC,ALLOCATED_AND_RUNNING,3.2 Tbps InfiniBand NDR
gpu-node-07-096.internal.helixforge.net,NVIDIA L40S,4,192,gpu-research-long,Eval & Benchmarks,CC-1010,Every 2nd Sunday 02:00-04:00 UTC,DRAINING_FOR_MAINTENANCE,3.2 Tbps InfiniBand NDR
gpu-node-07-097.internal.helixforge.net,NVIDIA H100 SXM5,8,640,gpu-interactive-dev,Applied Research,CC-1010,Every 2nd Sunday 02:00-04:00 UTC,ALLOCATED_AND_RUNNING,3.2 Tbps InfiniBand NDR
gpu-node-07-098.internal.helixforge.net,NVIDIA RTX 6000 Ada,4,192,gpu-eval-short,Eval & Benchmarks,CC-1010,Every 2nd Sunday 02:00-04:00 UTC,ALLOCATED_AND_RUNNING,3.2 Tbps InfiniBand NDR
gpu-node-07-099.internal.helixforge.net,NVIDIA H100 SXM5,8,640,gpu-prod-inference,Vector Engine,CC-1010,Every 2nd Sunday 02:00-04:00 UTC,ALLOCATED_AND_RUNNING,3.2 Tbps InfiniBand NDR
gpu-node-07-100.internal.helixforge.net,NVIDIA RTX 6000 Ada,4,192,gpu-interactive-dev,Applied Research,CC-1010,Every 2nd Sunday 02:00-04:00 UTC,ALLOCATED_AND_RUNNING,3.2 Tbps InfiniBand NDR
gpu-node-07-101.internal.helixforge.net,NVIDIA H100 SXM5,8,640,gpu-eval-short,Eval & Benchmarks,CC-1020,Every 2nd Sunday 02:00-04:00 UTC,ALLOCATED_AND_RUNNING,3.2 Tbps InfiniBand NDR
gpu-node-07-102.internal.helixforge.net,NVIDIA H100 SXM5,8,640,gpu-prod-inference,Applied Research,CC-1010,Every 2nd Sunday 02:00-04:00 UTC,ALLOCATED_AND_RUNNING,3.2 Tbps InfiniBand NDR
gpu-node-07-103.internal.helixforge.net,NVIDIA L40S,4,192,gpu-research-long,Vector Engine,CC-1020,Every 2nd Sunday 02:00-04:00 UTC,ALLOCATED_AND_RUNNING,3.2 Tbps InfiniBand NDR
gpu-node-07-104.internal.helixforge.net,NVIDIA H100 SXM5,8,640,gpu-eval-short,Eval & Benchmarks,CC-1010,Every 2nd Sunday 02:00-04:00 UTC,DRAINING_FOR_MAINTENANCE,3.2 Tbps InfiniBand NDR
gpu-node-07-105.internal.helixforge.net,NVIDIA H100 SXM5,8,640,gpu-eval-short,Eval & Benchmarks,CC-1020,Every 2nd Sunday 02:00-04:00 UTC,ALLOCATED_AND_RUNNING,3.2 Tbps InfiniBand NDR
gpu-node-07-106.internal.helixforge.net,NVIDIA H100 SXM5,8,640,gpu-prod-inference,Eval & Benchmarks,CC-1020,Every 2nd Sunday 02:00-04:00 UTC,ALLOCATED_AND_RUNNING,3.2 Tbps InfiniBand NDR
gpu-node-07-107.internal.helixforge.net,NVIDIA RTX 6000 Ada,4,192,gpu-prod-inference,Vector Engine,CC-1010,Every 2nd Sunday 02:00-04:00 UTC,ALLOCATED_AND_RUNNING,3.2 Tbps InfiniBand NDR
gpu-node-07-108.internal.helixforge.net,NVIDIA L40S,4,192,gpu-prod-inference,Applied Research,CC-1010,Every 2nd Sunday 02:00-04:00 UTC,ALLOCATED_AND_RUNNING,3.2 Tbps InfiniBand NDR
gpu-node-07-109.internal.helixforge.net,NVIDIA RTX 6000 Ada,4,192,gpu-prod-inference,Vector Engine,CC-1020,Every 2nd Sunday 02:00-04:00 UTC,ALLOCATED_AND_RUNNING,3.2 Tbps InfiniBand NDR
gpu-node-07-110.internal.helixforge.net,NVIDIA H100 SXM5,8,640,gpu-eval-short,Vector Engine,CC-1010,Every 2nd Sunday 02:00-04:00 UTC,ALLOCATED_AND_RUNNING,3.2 Tbps InfiniBand NDR
gpu-node-07-111.internal.helixforge.net,NVIDIA L40S,4,192,gpu-prod-inference,Eval & Benchmarks,CC-1020,Every 2nd Sunday 02:00-04:00 UTC,ALLOCATED_AND_RUNNING,3.2 Tbps InfiniBand NDR
gpu-node-07-112.internal.helixforge.net,NVIDIA L40S,4,192,gpu-interactive-dev,Applied Research,CC-1020,Every 2nd Sunday 02:00-04:00 UTC,DRAINING_FOR_MAINTENANCE,3.2 Tbps InfiniBand NDR
gpu-node-07-113.internal.helixforge.net,NVIDIA RTX 6000 Ada,4,192,gpu-interactive-dev,Applied Research,CC-1010,Every 2nd Sunday 02:00-04:00 UTC,ALLOCATED_AND_RUNNING,3.2 Tbps InfiniBand NDR
gpu-node-07-114.internal.helixforge.net,NVIDIA H100 SXM5,8,640,gpu-research-long,Vector Engine,CC-1020,Every 2nd Sunday 02:00-04:00 UTC,ALLOCATED_AND_RUNNING,3.2 Tbps InfiniBand NDR
gpu-node-07-115.internal.helixforge.net,NVIDIA H100 SXM5,8,640,gpu-prod-inference,Vector Engine,CC-1020,Every 2nd Sunday 02:00-04:00 UTC,ALLOCATED_AND_RUNNING,3.2 Tbps InfiniBand NDR
gpu-node-07-116.internal.helixforge.net,NVIDIA H100 SXM5,8,640,gpu-prod-inference,Applied Research,CC-1010,Every 2nd Sunday 02:00-04:00 UTC,ALLOCATED_AND_RUNNING,3.2 Tbps InfiniBand NDR
gpu-node-07-117.internal.helixforge.net,NVIDIA A100 80GB,8,640,gpu-eval-short,Vector Engine,CC-1010,Every 2nd Sunday 02:00-04:00 UTC,ALLOCATED_AND_RUNNING,3.2 Tbps InfiniBand NDR
gpu-node-07-118.internal.helixforge.net,NVIDIA RTX 6000 Ada,4,192,gpu-interactive-dev,Eval & Benchmarks,CC-1020,Every 2nd Sunday 02:00-04:00 UTC,ALLOCATED_AND_RUNNING,3.2 Tbps InfiniBand NDR
gpu-node-07-119.internal.helixforge.net,NVIDIA RTX 6000 Ada,4,192,gpu-interactive-dev,Applied Research,CC-1020,Every 2nd Sunday 02:00-04:00 UTC,ALLOCATED_AND_RUNNING,3.2 Tbps InfiniBand NDR
gpu-node-07-120.internal.helixforge.net,NVIDIA H100 SXM5,8,640,gpu-prod-inference,Eval & Benchmarks,CC-1010,Every 2nd Sunday 02:00-04:00 UTC,DRAINING_FOR_MAINTENANCE,3.2 Tbps InfiniBand NDR
gpu-node-07-121.internal.helixforge.net,NVIDIA L40S,4,192,gpu-prod-inference,Eval & Benchmarks,CC-1020,Every 2nd Sunday 02:00-04:00 UTC,ALLOCATED_AND_RUNNING,3.2 Tbps InfiniBand NDR
gpu-node-07-122.internal.helixforge.net,NVIDIA RTX 6000 Ada,4,192,gpu-prod-inference,Vector Engine,CC-1010,Every 2nd Sunday 02:00-04:00 UTC,ALLOCATED_AND_RUNNING,3.2 Tbps InfiniBand NDR
gpu-node-07-123.internal.helixforge.net,NVIDIA RTX 6000 Ada,4,192,gpu-eval-short,Eval & Benchmarks,CC-1010,Every 2nd Sunday 02:00-04:00 UTC,ALLOCATED_AND_RUNNING,3.2 Tbps InfiniBand NDR
gpu-node-07-124.internal.helixforge.net,NVIDIA L40S,4,192,gpu-interactive-dev,Vector Engine,CC-1010,Every 2nd Sunday 02:00-04:00 UTC,ALLOCATED_AND_RUNNING,3.2 Tbps InfiniBand NDR
gpu-node-07-125.internal.helixforge.net,NVIDIA RTX 6000 Ada,4,192,gpu-eval-short,Eval & Benchmarks,CC-1010,Every 2nd Sunday 02:00-04:00 UTC,ALLOCATED_AND_RUNNING,3.2 Tbps InfiniBand NDR
gpu-node-07-126.internal.helixforge.net,NVIDIA A100 80GB,8,640,gpu-prod-inference,Applied Research,CC-1010,Every 2nd Sunday 02:00-04:00 UTC,ALLOCATED_AND_RUNNING,3.2 Tbps InfiniBand NDR
gpu-node-07-127.internal.helixforge.net,NVIDIA RTX 6000 Ada,4,192,gpu-research-long,Eval & Benchmarks,CC-1010,Every 2nd Sunday 02:00-04:00 UTC,ALLOCATED_AND_RUNNING,3.2 Tbps InfiniBand NDR
gpu-node-07-128.internal.helixforge.net,NVIDIA H100 SXM5,8,640,gpu-eval-short,Vector Engine,CC-1020,Every 2nd Sunday 02:00-04:00 UTC,DRAINING_FOR_MAINTENANCE,3.2 Tbps InfiniBand NDR
gpu-node-07-129.internal.helixforge.net,NVIDIA L40S,4,192,gpu-interactive-dev,Applied Research,CC-1020,Every 2nd Sunday 02:00-04:00 UTC,ALLOCATED_AND_RUNNING,3.2 Tbps InfiniBand NDR
